{
    "data_dir": "processed_data/chengdu/finetune",
    "pretrained_path": "",
    "edges": 26175,
    "pad_token": 26177,
    "mask_token": 26175,
    "cls_token": 26176,
    "token_num": 26178,
    "edges_dir": "processed_data/chengdu/chengdu_edges.pkl",
    "nodes_dir": "processed_data/chengdu/chengdu_nodes.pkl",
    "lat_size": 19,
    "lon_size": 20,
    "time_mean": 659.9925657142857,
    "time_std": 372.1409588646906,
    "max_seq_len": 591,
    "round_num": 4,
    "gps_range": [104.1668771,  30.7299882, 103.9746149,  30.5931546],
    "length_sumlength_mean": [1.53793060e+02, 5.01576538e+03],
    "length_sumlength_std": [1.75271511e+02, 5.14035274e+03],
    "two_ends_gps_mean": [104.06302128,  30.65945547, 104.0630195,   30.65946408],
    "two_ends_gps_std": [0.03185342, 0.02554005, 0.03186532, 0.02555253],
    "sim_mean": 0.4717514969210221,
    "sim_std": 0.19626213850255747,
    "max_distance": 7.461000460362923
}
