{
    "data_dir": "processed_data/porto/finetune",
    "pretrained_path": "",
    "edges": 28174,
    "pad_token": 28176,
    "mask_token": 28174,
    "cls_token": 28175,
    "token_num": 28177,
    "edges_dir": "processed_data/porto/porto_edges.pkl",
    "nodes_dir": "processed_data/porto/porto_nodes.pkl",
    "lat_size": 19,
    "lon_size": 17,
    "time_mean": 612.072,
    "time_std": 305.2772767061821,
    "max_seq_len": 640,
    "round_num": 4,
    "gps_range": [-8.569247,  41.2249967, -8.7160858, 41.1150366],
    "length_sumlength_mean": [1.12539992e+02, 5.18893296e+03 ],
    "length_sumlength_std": [1.48730656e+02, 6.48599859e+03],
    "two_ends_gps_mean": [-8.62118409, 41.16207781, -8.62125603, 41.1621546],
    "two_ends_gps_std": [0.0276699,  0.02040504, 0.02773455, 0.02049374],
    "sim_mean":  0.468053726948389,
    "sim_std": 0.19165493628214322,
    "max_distance": 8.98841111379413
}
